job_role,skills
Data Scientist,python machine_learning deep_learning statistics sql data_analysis numpy pandas scikit_learn tensorflow data_visualization
Machine Learning Engineer,python tensorflow pytorch deep_learning neural_networks mlops docker kubernetes model_deployment scikit_learn
Backend Developer,python java nodejs sql rest_api databases docker git authentication microservices postgresql
Frontend Developer,javascript react html css typescript redux ui_design responsive_design nodejs git figma
Full Stack Developer,javascript python react nodejs sql html css git docker rest_api mongodb
DevOps Engineer,docker kubernetes aws ci_cd linux bash git terraform ansible cloud_infrastructure jenkins
Cloud Architect,aws azure gcp cloud_infrastructure networking security terraform docker kubernetes devops
Data Engineer,python sql spark hadoop etl data_pipelines airflow kafka big_data postgresql cloud
Cybersecurity Analyst,networking security ethical_hacking linux python firewalls penetration_testing cryptography siem vulnerability_assessment
AI Research Scientist,python deep_learning mathematics statistics neural_networks research pytorch tensorflow nlp computer_vision
Mobile Developer,flutter dart kotlin swift android ios react_native firebase git ui_design
Database Administrator,sql postgresql mysql mongodb oracle database_design data_modeling backup_recovery performance_tuning
Site Reliability Engineer,linux docker kubernetes monitoring python bash ci_cd cloud aws incident_management
Data Analyst,sql python excel data_visualization statistics tableau power_bi reporting business_intelligence pandas
NLP Engineer,python nlp transformers bert gpt text_processing deep_learning pytorch tensorflow linguistics huggingface
Computer Vision Engineer,python opencv deep_learning tensorflow pytorch image_processing cnn object_detection neural_networks
Blockchain Developer,solidity ethereum web3 javascript smart_contracts cryptography nodejs python defi
Automation Engineer,python selenium automation testing ci_cd bash scripting devops robotics jenkins
Game Developer,unity c_sharp unreal_engine game_design 3d_modeling physics_engines opengl python graphics
Systems Programmer,c c_plus_plus linux assembly operating_systems memory_management networking embedded_systems kernel
